id,name,faction,type,tribe,rarity,cost,attack,health,keywords,cardText,flavorText,collectible,set,artPrompt
lum_temple_acolyte,Temple Acolyte,Luminar,Minion,,Common,1,1,4,"Double Strike, Deploy",Deal 1 damage to a random enemy,Prays for strength. Gets it.,True,CORE,
lum_sunbeam_sprite,Sunbeam Sprite,Luminar,Minion,Elemental,Common,1,1,3,"Drain, Deploy",Draw a card,It's not a firefly. It's a LIGHT fly. Totally different.,True,CORE,
lum_glowing_moth,Glowing Moth,Luminar,Minion,Elemental,Common,1,1,2,"Barrier, Double Strike, Deploy",BARRIER. Gain +2/+2,Drawn to the light. IS the light.,True,CORE,
lum_angelic_wings,Angelic Wings,Luminar,Spell,,Common,1,1,2,,Give a minion +1/+2,Feathers not included. Holiness sold separately.,True,CORE,
lum_radiant_shield,Radiant Shield,Luminar,Spell,,Common,1,0,3,Barrier,Give a minion +0/+3 and BARRIER,Now with 100% more divine protection!,True,CORE,
lum_dawn_priest,Dawn Priest,Luminar,Minion,,Common,2,2,4,"Drain, Deploy",Restore 2 Health to your Hero,Rise and shine! Emphasis on SHINE.,True,CORE,
lum_sunstone_cleric,Sunstone Cleric,Luminar,Minion,,Common,2,2,3,"Guardian, Deploy",Restore 2 Health to all friendly minions,"Group therapy, Solhaven style.",True,CORE,
lum_pilgrim_of_sol,Pilgrim of Sol,Luminar,Minion,,Common,2,1,5,Deploy,Deal 1 damage to a random enemy,Every step brings him closer to the light. And to your face.,True,CORE,
lum_sanctify,Sanctify,Luminar,Spell,,Common,2,1,1,,Restore 3 Health to a minion. Give it +1/+1,Blessed AND buff.,True,CORE,
lum_blessed_arrow,Blessed Arrow,Luminar,Spell,,Common,2,,,,"Deal 2 damage. If your Hero is at full Health, deal 4 instead",Aim for the darkness. Can't miss.,True,CORE,
lum_lightsworn_guardian,Lightsworn Guardian,Luminar,Minion,,Common,3,2,6,"Guardian, Drain, Deploy",GUARDIAN. Gain +1/+1,Heals make him stronger. Hugs also work.,True,CORE,
lum_penitent_monk,Penitent Monk,Luminar,Minion,,Common,3,3,4,Double Strike,DRAIN,He punches you AND feels better about it.,True,CORE,
lum_beacon_of_hope,Beacon of Hope,Luminar,Minion,,Common,3,2,5,Deploy,Restore 1 Health to all friendly minions,Always on. Never dims. Great at parties.,True,CORE,
lum_purifying_light,Purifying Light,Luminar,Spell,,Common,3,,,,Restore 4 Health. Draw a card,Cleanses the body. Enlightens the mind.,True,CORE,
lum_sunforged_blade,Sunforged Blade,Luminar,Spell,,Common,3,3,0,Drain,Give a minion +3 Attack and DRAIN this turn,Forged in starfire. Hurts in starfire.,True,CORE,
lum_halo_sentinel,Halo Sentinel,Luminar,Minion,,Common,4,3,5,"Swift, Last Words",BARRIER. LAST WORDS: Give a random friendly minion BARRIER,The halo isn't decorative. It's hereditary.,True,CORE,
lum_daybreak_charger,Daybreak Charger,Luminar,Minion,,Common,4,4,4,"Blitz, Drain, Deploy",Draw a card,Charges at dawn. And noon. And dusk.,True,CORE,
lum_radiance_weaver,Radiance Weaver,Luminar,Minion,,Common,4,3,5,Deploy,"After you cast a healing spell, summon a 2/2 Light Elemental",Knits sweaters made of pure sunlight.,True,CORE,
lum_solar_flare,Solar Flare,Luminar,Spell,,Common,4,,,,Deal 3 damage to all enemy minions,"SPF 10,000 recommended.",True,CORE,
lum_blinding_burst,Blinding Burst,Luminar,Spell,,Common,4,,,,Deal 2 damage to all enemies. Restore 2 Health to your Hero,Flash photography is strictly mandatory.,True,CORE,
lum_cathedral_guard,Cathedral Guard,Luminar,Minion,,Common,5,4,7,"Drain, Guardian, Deploy",Deal 2 damage to a random enemy,No entry. No exceptions. No survivors.,True,CORE,
lum_luminar_templar,Luminar Templar,Luminar,Minion,,Common,5,5,6,"Barrier, Deploy",Gain GUARDIAN and +0/+3,"The light is his armor. Also, actual armor.",True,CORE,
lum_consecrate,Consecrate,Luminar,Spell,,Common,5,1,1,,Restore 5 Health to your Hero. Give all friendly minions +1/+1,"Everything is holy now. Yes, even the bugs.",True,CORE,
lum_martyrs_gift,Martyr's Gift,Luminar,Minion,,Common,5,3,7,"Drain, Deploy",Restore 5 Health to your Hero,Her sacrifice is your salvation.,True,CORE,
lum_solhaven_crusader,Solhaven Crusader,Luminar,Minion,,Common,6,6,7,"Barrier, Swift, Deploy",BARRIER. Gain +2/+2,FOR THE LIGHT! (And also cardio.),True,CORE,
lum_holy_nova,Holy Nova,Luminar,Spell,,Common,6,,,,Deal 3 damage to all enemies. Restore 3 Health to all friendly characters,"BOOM. But, like, a HOLY boom.",True,CORE,
lum_sunlit_protector,Sunlit Protector,Luminar,Minion,,Common,7,6,8,"Guardian, Blitz, Drain, Deploy",Deal 3 damage to a random enemy,Stands in the light. IS the light. FIGHTS with the light.,True,CORE,
lum_dawns_embrace,Dawn's Embrace,Luminar,Spell,,Common,7,,,,Fully restore your Hero's Health. Trigger all friendly effects,A sunrise so powerful it heals EVERYTHING.,True,CORE,
lum_luminous_wisp,Luminous Wisp,Luminar,Minion,Elemental,Common,1,0,2,Last Words,LAST WORDS: Restore 2 Health to your Hero,Smol. Bright. Even useful when gone.,True,CORE,
lum_hallowed_ground,Hallowed Ground,Luminar,Structure,,Common,3,,,Deploy,Draw a card,Even the dirt is holy here.,True,CORE,
lum_high_priestess_of_sol,High Priestess of Sol,Luminar,Minion,,Rare,4,3,6,Deploy,"Whenever you heal a character, give a random friendly minion +1/+1",She speaks for the sun. The sun says 'BUFF.',True,CORE,
lum_divine_intervention,Divine Intervention,Luminar,Spell,,Rare,5,,,Guardian,Fully restore a minion's Health. Give it BARRIER and GUARDIAN,The light provides. And provides. And provides.,True,CORE,
lum_radiant_aegis,Radiant Aegis,Luminar,Minion,,Rare,3,2,7,"Guardian, Double Strike, Deploy",Draw a card,Heals make it shinier. And harder to kill.,True,CORE,
lum_sols_judgment,Sol's Judgment,Luminar,Spell,,Rare,7,,,,Deal damage to all enemies equal to the total Health you've healed this game. (Max 15.),The sun remembers every kindness. And repays it violently.,True,CORE,
lum_lightbringer,Lightbringer,Luminar,Minion,,Rare,5,4,5,Deploy,Deal 5 damage to a random enemy,Discount divinity.,True,CORE,
lum_chalice_of_renewal,Chalice of Renewal,Luminar,Structure,,Rare,4,,,Deploy,Start of Turn: Restore 2 Health to your Hero,Sip. Heal. Repeat. The holy happy hour.,True,CORE,
lum_empyreal_knight,Empyreal Knight,Luminar,Minion,,Rare,6,5,7,"Barrier, Guardian, Deploy",BARRIER. Restore 3 Health to all friendly characters,Arrives in style. Heals on impact.,True,CORE,
lum_absolution,Absolution,Luminar,Spell,,Rare,3,,,,Destroy a minion with 3 or less Attack. Restore Health equal to its Attack to your Hero,Forgiven. Then deleted.,True,CORE,
lum_sunfire_phoenix,Sunfire Phoenix,Luminar,Minion,Elemental,Rare,5,4,5,"Drain, Blitz, Deploy",DRAIN. Restore 4 Health to your Hero,"Burns bright, dies bright, heals bright.",True,CORE,
lum_celestial_choir,Celestial Choir,Luminar,Minion,,Rare,6,3,4,"Drain, Deploy",Summon two 2/2 Light Elementals with Gain +1/+1,Three-part harmony. Four-part destruction.,True,CORE,
lum_resurrect,Resurrect,Luminar,Spell,,Rare,7,,,Barrier,Summon a random friendly minion that died this game. Restore it to full Health. Give it BARRIER,Back from the dead. And VERY well-rested.,True,CORE,
lum_beacon_of_judgment,Beacon of Judgment,Luminar,Minion,,Rare,6,4,8,"Double Strike, Deploy","GUARDIAN. Whenever this minion is healed, deal 2 damage to a random enemy",Heal me and watch them BURN.,True,CORE,
lum_solhaven_paladin,Solhaven Paladin,Luminar,Minion,,Rare,4,3,5,"Guardian, Barrier, Deploy",Draw a card,"Fast, shiny, and ready to rumble.",True,CORE,
lum_purge_the_shadows,Purge the Shadows,Luminar,Spell,,Rare,5,,,Barrier,Deal 3 damage to all enemy minions,Gone. Not dead. GONE. Big difference.,True,CORE,
lum_eternal_flame,Eternal Flame,Luminar,Structure,,Rare,3,,,Deploy,"Whenever a friendly minion with dies, summon a 2/2 Light Elemental",The light never truly goes out.,True,CORE,
lum_archons_chosen,ARCHON'S CHOSEN,Luminar,Minion,,Epic,8,6,9,"Double Strike, Drain, Lethal, Deploy, Double Strike, Barrier, Swift","BARRIER, GUARDIAN, DRAIN. ILLUMINATE: Fully heal your Hero.",Chosen by the Archon. Feared by everything else.,True,CORE,
lum_sunstorm,Sunstorm,Luminar,Spell,,Epic,8,,,,Deal 5 damage to all enemies. Restore 5 Health to all friendly characters,"When the sun is angry, EVERYONE knows.",True,CORE,
lum_radiant_fortress,Radiant Fortress,Luminar,Minion,,Epic,6,4,11,"Drain, Guardian, Deploy",GUARDIAN. Your Hero can't take more than 3 damage per attack. Gain +0/+3,The walls are alive. And judging you.,True,CORE,
lum_solarius_the_undying_light,"SOLARIUS, THE UNDYING LIGHT",Luminar,Minion,,Legendary,9,6,11,"Blitz, Drain, Deploy, Barrier, Guardian, Drain, Swift",Give all friendly minions +2/+2,The sun doesn't set on Solhaven. It KNEELS.,True,CORE,
lum_dawns_last_prophet,DAWN'S LAST PROPHET,Luminar,Minion,,Legendary,7,5,6,"Swift, Deploy",Deal 3 damage to a random enemy,She saw the end. Then she REWROTE it.,True,CORE,
